Date;Heure;Score;Score max;Essai;;;;;;;;;;;;MOY score;Entendu score;temps jeu;Nombre essai;Temps moyen essai (secondes) 
23/07/2023;00:01:58;90;103;1;;;;;;;;;;;;62,8;107;00:30:38;941;3,21
23/07/2023;00:02:00;89;103;2;;;;;;;;;;;;;;;;
23/07/2023;00:02:03;64;103;3;;;;;;;;;;;;;;;;
23/07/2023;00:02:04;59;103;4;;;;;;;;;;;;;;;;
23/07/2023;00:02:06;60;103;5;;;;;;;;;;;;;;;;
23/07/2023;00:02:08;72;103;6;;;;;;;;;;;;;;;;
23/07/2023;00:02:09;65;103;7;;;;;;;;;;;;;;;;
23/07/2023;00:02:12;82;103;8;;;;;;;;;;;;;;;;
23/07/2023;00:02:13;36;103;9;;;;;;;;;;;;;;;;
23/07/2023;00:02:14;38;103;10;;;;;;;;;;;;;;;;
23/07/2023;00:02:16;65;103;11;;;;;;;;;;;;;;;;
23/07/2023;00:02:18;63;103;12;;;;;;;;;;;;;;;;
23/07/2023;00:02:20;65;103;13;;;;;;;;;;;;;;;;
23/07/2023;00:02:22;61;103;14;;;;;;;;;;;;;;;;
23/07/2023;00:02:23;59;103;15;;;;;;;;;;;;;;;;
23/07/2023;00:02:26;78;103;16;;;;;;;;;;;;;;;;
23/07/2023;00:02:27;45;103;17;;;;;;;;;;;;;;;;
23/07/2023;00:02:29;69;103;18;;;;;;;;;;;;;;;;
23/07/2023;00:02:32;72;103;19;;;;;;;;;;;;;;;;
23/07/2023;00:02:34;80;103;20;;;;;;;;;;;;;;;;
23/07/2023;00:02:36;62;103;21;;;;;;;;;;;;;;;;
23/07/2023;00:02:38;72;103;22;;;;;;;;;;;;;;;;
23/07/2023;00:02:40;62;103;23;;;;;;;;;;;;;;;;
23/07/2023;00:02:42;58;103;24;;;;;;;;;;;;;;;;
23/07/2023;00:02:43;55;103;25;;;;;;;;;;;;;;;;
23/07/2023;00:02:44;23;103;26;;;;;;;;;;;;;;;;
23/07/2023;00:02:45;37;103;27;;;;;;;;;;;;;;;;
23/07/2023;00:02:45;2;103;28;;;;;;;;;;;;;;;;
23/07/2023;00:02:47;55;103;29;;;;;;;;;;;;;;;;
23/07/2023;00:02:49;81;103;30;;;;;;;;;;;;;;;;
23/07/2023;00:02:51;67;103;31;;;;;;;;;;;;;;;;
23/07/2023;00:02:54;83;103;32;;;;;;;;;;;;;;;;
23/07/2023;00:02:56;77;103;33;;;;;;;;;;;;;;;;
23/07/2023;00:02:59;77;103;34;;;;;;;;;;;;;;;;
23/07/2023;00:03:00;50;103;35;;;;;;;;;;;;;;;;
23/07/2023;00:03:01;40;103;36;;;;;;;;;;;;;;;;
23/07/2023;00:03:03;70;103;37;;;;;;;;;;;;;;;;
23/07/2023;00:03:04;25;103;38;;;;;;;;;;;;;;;;
23/07/2023;00:03:05;35;103;39;;;;;;;;;;;;;;;;
23/07/2023;00:03:06;33;103;40;;;;;;;;;;;;;;;;
23/07/2023;00:03:07;50;103;41;;;;;;;;;;;;;;;;
23/07/2023;00:03:08;40;103;42;;;;;;;;;;;;;;;;
23/07/2023;00:03:10;49;103;43;;;;;;;;;;;;;;;;
23/07/2023;00:03:11;57;103;44;;;;;;;;;;;;;;;;
23/07/2023;00:03:13;44;103;45;;;;;;;;;;;;;;;;
23/07/2023;00:03:15;64;103;46;;;;;;;;;;;;;;;;
23/07/2023;00:03:17;64;103;47;;;;;;;;;;;;;;;;
23/07/2023;00:03:19;65;103;48;;;;;;;;;;;;;;;;
23/07/2023;00:03:22;102;103;49;;;;;;;;;;;;;;;;
23/07/2023;00:03:24;71;103;50;;;;;;;;;;;;;;;;
23/07/2023;00:03:25;32;103;51;;;;;;;;;;;;;;;;
23/07/2023;00:03:27;65;103;52;;;;;;;;;;;;;;;;
23/07/2023;00:03:28;39;103;53;;;;;;;;;;;;;;;;
23/07/2023;00:03:29;44;103;54;;;;;;;;;;;;;;;;
23/07/2023;00:03:31;50;103;55;;;;;;;;;;;;;;;;
23/07/2023;00:03:33;74;103;56;;;;;;;;;;;;;;;;
23/07/2023;00:03:37;109;109;57;;;;;;;;;;;;;;;;
23/07/2023;00:03:38;37;109;58;;;;;;;;;;;;;;;;
23/07/2023;00:03:39;57;109;59;;;;;;;;;;;;;;;;
23/07/2023;00:03:40;37;109;60;;;;;;;;;;;;;;;;
23/07/2023;00:03:43;64;109;61;;;;;;;;;;;;;;;;
23/07/2023;00:03:45;79;109;62;;;;;;;;;;;;;;;;
23/07/2023;00:03:47;68;109;63;;;;;;;;;;;;;;;;
23/07/2023;00:03:49;74;109;64;;;;;;;;;;;;;;;;
23/07/2023;00:03:51;60;109;65;;;;;;;;;;;;;;;;
23/07/2023;00:03:52;49;109;66;;;;;;;;;;;;;;;;
23/07/2023;00:03:54;57;109;67;;;;;;;;;;;;;;;;
23/07/2023;00:03:57;73;109;68;;;;;;;;;;;;;;;;
23/07/2023;00:03:58;60;109;69;;;;;;;;;;;;;;;;
23/07/2023;00:04:00;81;109;70;;;;;;;;;;;;;;;;
23/07/2023;00:04:03;66;109;71;;;;;;;;;;;;;;;;
23/07/2023;00:04:04;50;109;72;;;;;;;;;;;;;;;;
23/07/2023;00:04:06;77;109;73;;;;;;;;;;;;;;;;
23/07/2023;00:04:09;75;109;74;;;;;;;;;;;;;;;;
23/07/2023;00:04:11;85;109;75;;;;;;;;;;;;;;;;
23/07/2023;00:04:14;67;109;76;;;;;;;;;;;;;;;;
23/07/2023;00:04:14;38;109;77;;;;;;;;;;;;;;;;
23/07/2023;00:04:16;62;109;78;;;;;;;;;;;;;;;;
23/07/2023;00:04:19;89;109;79;;;;;;;;;;;;;;;;
23/07/2023;00:04:21;60;109;80;;;;;;;;;;;;;;;;
23/07/2023;00:04:23;68;109;81;;;;;;;;;;;;;;;;
23/07/2023;00:04:26;73;109;82;;;;;;;;;;;;;;;;
23/07/2023;00:04:27;59;109;83;;;;;;;;;;;;;;;;
23/07/2023;00:04:29;54;109;84;;;;;;;;;;;;;;;;
23/07/2023;00:04:31;85;109;85;;;;;;;;;;;;;;;;
23/07/2023;00:04:33;62;109;86;;;;;;;;;;;;;;;;
23/07/2023;00:04:35;71;109;87;;;;;;;;;;;;;;;;
23/07/2023;00:04:38;80;109;88;;;;;;;;;;;;;;;;
23/07/2023;00:04:39;33;109;89;;;;;;;;;;;;;;;;
23/07/2023;00:04:40;50;109;90;;;;;;;;;;;;;;;;
23/07/2023;00:04:43;78;109;91;;;;;;;;;;;;;;;;
23/07/2023;00:04:45;65;109;92;;;;;;;;;;;;;;;;
23/07/2023;00:04:46;53;109;93;;;;;;;;;;;;;;;;
23/07/2023;00:04:48;51;109;94;;;;;;;;;;;;;;;;
23/07/2023;00:04:51;83;109;95;;;;;;;;;;;;;;;;
23/07/2023;00:04:54;70;109;96;;;;;;;;;;;;;;;;
23/07/2023;00:04:58;101;109;97;;;;;;;;;;;;;;;;
23/07/2023;00:05:01;87;109;98;;;;;;;;;;;;;;;;
23/07/2023;00:05:02;42;109;99;;;;;;;;;;;;;;;;
23/07/2023;00:05:05;99;109;100;;;;;;;;;;;;;;;;
23/07/2023;00:05:07;47;109;101;;;;;;;;;;;;;;;;
23/07/2023;00:05:10;88;109;102;;;;;;;;;;;;;;;;
23/07/2023;00:05:11;47;109;103;;;;;;;;;;;;;;;;
23/07/2023;00:05:13;77;109;104;;;;;;;;;;;;;;;;
23/07/2023;00:05:15;41;109;105;;;;;;;;;;;;;;;;
23/07/2023;00:05:16;58;109;106;;;;;;;;;;;;;;;;
23/07/2023;00:05:19;81;109;107;;;;;;;;;;;;;;;;
23/07/2023;00:05:21;71;109;108;;;;;;;;;;;;;;;;
23/07/2023;00:05:24;68;109;109;;;;;;;;;;;;;;;;
23/07/2023;00:05:25;67;109;110;;;;;;;;;;;;;;;;
23/07/2023;00:05:26;46;109;111;;;;;;;;;;;;;;;;
23/07/2023;00:05:28;51;109;112;;;;;;;;;;;;;;;;
23/07/2023;00:05:30;63;109;113;;;;;;;;;;;;;;;;
23/07/2023;00:05:32;74;109;114;;;;;;;;;;;;;;;;
23/07/2023;00:05:35;71;109;115;;;;;;;;;;;;;;;;
23/07/2023;00:05:36;65;109;116;;;;;;;;;;;;;;;;
23/07/2023;00:05:38;68;109;117;;;;;;;;;;;;;;;;
23/07/2023;00:05:38;6;109;118;;;;;;;;;;;;;;;;
23/07/2023;00:05:42;109;109;119;;;;;;;;;;;;;;;;
23/07/2023;00:05:44;73;109;120;;;;;;;;;;;;;;;;
23/07/2023;00:05:47;108;109;121;;;;;;;;;;;;;;;;
23/07/2023;00:05:50;72;109;122;;;;;;;;;;;;;;;;
23/07/2023;00:05:52;72;109;123;;;;;;;;;;;;;;;;
23/07/2023;00:05:54;41;109;124;;;;;;;;;;;;;;;;
23/07/2023;00:05:56;82;109;125;;;;;;;;;;;;;;;;
23/07/2023;00:05:59;88;109;126;;;;;;;;;;;;;;;;
23/07/2023;00:06:01;86;109;127;;;;;;;;;;;;;;;;
23/07/2023;00:06:03;44;109;128;;;;;;;;;;;;;;;;
23/07/2023;00:06:04;54;109;129;;;;;;;;;;;;;;;;
23/07/2023;00:06:05;41;109;130;;;;;;;;;;;;;;;;
23/07/2023;00:06:07;54;109;131;;;;;;;;;;;;;;;;
23/07/2023;00:06:08;46;109;132;;;;;;;;;;;;;;;;
23/07/2023;00:06:10;57;109;133;;;;;;;;;;;;;;;;
23/07/2023;00:06:11;48;109;134;;;;;;;;;;;;;;;;
23/07/2023;00:06:12;39;109;135;;;;;;;;;;;;;;;;
23/07/2023;00:06:13;30;109;136;;;;;;;;;;;;;;;;
23/07/2023;00:06:15;53;109;137;;;;;;;;;;;;;;;;
23/07/2023;00:06:17;80;109;138;;;;;;;;;;;;;;;;
23/07/2023;00:06:19;68;109;139;;;;;;;;;;;;;;;;
23/07/2023;00:06:21;70;109;140;;;;;;;;;;;;;;;;
23/07/2023;00:06:22;50;109;141;;;;;;;;;;;;;;;;
23/07/2023;00:06:24;69;109;142;;;;;;;;;;;;;;;;
23/07/2023;00:06:28;93;109;143;;;;;;;;;;;;;;;;
23/07/2023;00:06:29;63;109;144;;;;;;;;;;;;;;;;
23/07/2023;00:06:32;70;109;145;;;;;;;;;;;;;;;;
23/07/2023;00:06:35;96;109;146;;;;;;;;;;;;;;;;
23/07/2023;00:06:36;55;109;147;;;;;;;;;;;;;;;;
23/07/2023;00:06:39;84;109;148;;;;;;;;;;;;;;;;
23/07/2023;00:06:41;62;109;149;;;;;;;;;;;;;;;;
23/07/2023;00:06:42;55;109;150;;;;;;;;;;;;;;;;
23/07/2023;00:06:44;60;109;151;;;;;;;;;;;;;;;;
23/07/2023;00:06:46;71;109;152;;;;;;;;;;;;;;;;
23/07/2023;00:06:49;74;109;153;;;;;;;;;;;;;;;;
23/07/2023;00:06:52;77;109;154;;;;;;;;;;;;;;;;
23/07/2023;00:06:55;96;109;155;;;;;;;;;;;;;;;;
23/07/2023;00:06:57;67;109;156;;;;;;;;;;;;;;;;
23/07/2023;00:06:57;7;109;157;;;;;;;;;;;;;;;;
23/07/2023;00:06:59;67;109;158;;;;;;;;;;;;;;;;
23/07/2023;00:07:00;45;109;159;;;;;;;;;;;;;;;;
23/07/2023;00:07:02;57;109;160;;;;;;;;;;;;;;;;
23/07/2023;00:07:02;14;109;161;;;;;;;;;;;;;;;;
23/07/2023;00:07:05;77;109;162;;;;;;;;;;;;;;;;
23/07/2023;00:07:07;63;109;163;;;;;;;;;;;;;;;;
23/07/2023;00:07:09;58;109;164;;;;;;;;;;;;;;;;
23/07/2023;00:07:10;64;109;165;;;;;;;;;;;;;;;;
23/07/2023;00:07:12;62;109;166;;;;;;;;;;;;;;;;
23/07/2023;00:07:14;49;109;167;;;;;;;;;;;;;;;;
23/07/2023;00:07:16;74;109;168;;;;;;;;;;;;;;;;
23/07/2023;00:07:17;31;109;169;;;;;;;;;;;;;;;;
23/07/2023;00:07:18;47;109;170;;;;;;;;;;;;;;;;
23/07/2023;00:07:21;75;109;171;;;;;;;;;;;;;;;;
23/07/2023;00:07:23;65;109;172;;;;;;;;;;;;;;;;
23/07/2023;00:07:25;62;109;173;;;;;;;;;;;;;;;;
23/07/2023;00:07:27;73;109;174;;;;;;;;;;;;;;;;
23/07/2023;00:07:30;95;109;175;;;;;;;;;;;;;;;;
23/07/2023;00:07:32;79;109;176;;;;;;;;;;;;;;;;
23/07/2023;00:07:35;79;109;177;;;;;;;;;;;;;;;;
23/07/2023;00:07:37;55;109;178;;;;;;;;;;;;;;;;
23/07/2023;00:07:38;33;109;179;;;;;;;;;;;;;;;;
23/07/2023;00:07:39;32;109;180;;;;;;;;;;;;;;;;
23/07/2023;00:07:40;31;109;181;;;;;;;;;;;;;;;;
23/07/2023;00:07:41;54;109;182;;;;;;;;;;;;;;;;
23/07/2023;00:07:44;74;109;183;;;;;;;;;;;;;;;;
23/07/2023;00:07:46;49;109;184;;;;;;;;;;;;;;;;
23/07/2023;00:07:46;8;109;185;;;;;;;;;;;;;;;;
23/07/2023;00:07:49;103;109;186;;;;;;;;;;;;;;;;
23/07/2023;00:07:51;74;109;187;;;;;;;;;;;;;;;;
23/07/2023;00:07:54;84;109;188;;;;;;;;;;;;;;;;
23/07/2023;00:07:55;17;109;189;;;;;;;;;;;;;;;;
23/07/2023;00:07:57;73;109;190;;;;;;;;;;;;;;;;
23/07/2023;00:07:57;24;109;191;;;;;;;;;;;;;;;;
23/07/2023;00:08:01;82;109;192;;;;;;;;;;;;;;;;
23/07/2023;00:08:02;53;109;193;;;;;;;;;;;;;;;;
23/07/2023;00:08:04;48;109;194;;;;;;;;;;;;;;;;
23/07/2023;00:08:06;64;109;195;;;;;;;;;;;;;;;;
23/07/2023;00:08:08;63;109;196;;;;;;;;;;;;;;;;
23/07/2023;00:08:10;80;109;197;;;;;;;;;;;;;;;;
23/07/2023;00:08:14;92;109;198;;;;;;;;;;;;;;;;
23/07/2023;00:08:15;45;109;199;;;;;;;;;;;;;;;;
23/07/2023;00:08:17;74;109;200;;;;;;;;;;;;;;;;
23/07/2023;00:08:17;6;109;201;;;;;;;;;;;;;;;;
23/07/2023;00:08:21;98;109;202;;;;;;;;;;;;;;;;
23/07/2023;00:08:24;85;109;203;;;;;;;;;;;;;;;;
23/07/2023;00:08:25;48;109;204;;;;;;;;;;;;;;;;
23/07/2023;00:08:28;85;109;205;;;;;;;;;;;;;;;;
23/07/2023;00:08:30;54;109;206;;;;;;;;;;;;;;;;
23/07/2023;00:08:33;90;109;207;;;;;;;;;;;;;;;;
23/07/2023;00:08:36;84;109;208;;;;;;;;;;;;;;;;
23/07/2023;00:08:38;75;109;209;;;;;;;;;;;;;;;;
23/07/2023;00:08:40;76;109;210;;;;;;;;;;;;;;;;
23/07/2023;00:08:41;39;109;211;;;;;;;;;;;;;;;;
23/07/2023;00:08:44;70;109;212;;;;;;;;;;;;;;;;
23/07/2023;00:08:45;69;109;213;;;;;;;;;;;;;;;;
23/07/2023;00:08:48;80;109;214;;;;;;;;;;;;;;;;
23/07/2023;00:08:51;94;109;215;;;;;;;;;;;;;;;;
23/07/2023;00:08:53;58;109;216;;;;;;;;;;;;;;;;
23/07/2023;00:08:55;65;109;217;;;;;;;;;;;;;;;;
23/07/2023;00:08:58;87;109;218;;;;;;;;;;;;;;;;
23/07/2023;00:08:59;54;109;219;;;;;;;;;;;;;;;;
23/07/2023;00:09:01;84;109;220;;;;;;;;;;;;;;;;
23/07/2023;00:09:04;73;109;221;;;;;;;;;;;;;;;;
23/07/2023;00:09:05;42;109;222;;;;;;;;;;;;;;;;
23/07/2023;00:09:06;42;109;223;;;;;;;;;;;;;;;;
23/07/2023;00:09:08;61;109;224;;;;;;;;;;;;;;;;
23/07/2023;00:09:09;19;109;225;;;;;;;;;;;;;;;;
23/07/2023;00:09:11;64;109;226;;;;;;;;;;;;;;;;
23/07/2023;00:09:13;78;109;227;;;;;;;;;;;;;;;;
23/07/2023;00:09:15;58;109;228;;;;;;;;;;;;;;;;
23/07/2023;00:09:16;46;109;229;;;;;;;;;;;;;;;;
23/07/2023;00:09:18;63;109;230;;;;;;;;;;;;;;;;
23/07/2023;00:09:20;69;109;231;;;;;;;;;;;;;;;;
23/07/2023;00:09:22;80;109;232;;;;;;;;;;;;;;;;
23/07/2023;00:09:25;83;109;233;;;;;;;;;;;;;;;;
23/07/2023;00:09:27;58;109;234;;;;;;;;;;;;;;;;
23/07/2023;00:09:28;36;109;235;;;;;;;;;;;;;;;;
23/07/2023;00:09:31;70;109;236;;;;;;;;;;;;;;;;
23/07/2023;00:09:34;78;109;237;;;;;;;;;;;;;;;;
23/07/2023;00:09:36;69;109;238;;;;;;;;;;;;;;;;
23/07/2023;00:09:38;63;109;239;;;;;;;;;;;;;;;;
23/07/2023;00:09:41;91;109;240;;;;;;;;;;;;;;;;
23/07/2023;00:09:43;58;109;241;;;;;;;;;;;;;;;;
23/07/2023;00:09:45;74;109;242;;;;;;;;;;;;;;;;
23/07/2023;00:09:47;55;109;243;;;;;;;;;;;;;;;;
23/07/2023;00:09:49;81;109;244;;;;;;;;;;;;;;;;
23/07/2023;00:09:52;85;109;245;;;;;;;;;;;;;;;;
23/07/2023;00:09:53;44;109;246;;;;;;;;;;;;;;;;
23/07/2023;00:09:55;52;109;247;;;;;;;;;;;;;;;;
23/07/2023;00:09:58;82;109;248;;;;;;;;;;;;;;;;
23/07/2023;00:10:00;73;109;249;;;;;;;;;;;;;;;;
23/07/2023;00:10:02;69;109;250;;;;;;;;;;;;;;;;
23/07/2023;00:10:04;62;109;251;;;;;;;;;;;;;;;;
23/07/2023;00:10:06;60;109;252;;;;;;;;;;;;;;;;
23/07/2023;00:10:08;66;109;253;;;;;;;;;;;;;;;;
23/07/2023;00:10:12;93;109;254;;;;;;;;;;;;;;;;
23/07/2023;00:10:14;79;109;255;;;;;;;;;;;;;;;;
23/07/2023;00:10:15;50;109;256;;;;;;;;;;;;;;;;
23/07/2023;00:10:18;70;109;257;;;;;;;;;;;;;;;;
23/07/2023;00:10:19;58;109;258;;;;;;;;;;;;;;;;
23/07/2023;00:10:21;47;109;259;;;;;;;;;;;;;;;;
23/07/2023;00:10:22;58;109;260;;;;;;;;;;;;;;;;
23/07/2023;00:10:25;72;109;261;;;;;;;;;;;;;;;;
23/07/2023;00:10:28;85;109;262;;;;;;;;;;;;;;;;
23/07/2023;00:10:31;86;109;263;;;;;;;;;;;;;;;;
23/07/2023;00:10:31;24;109;264;;;;;;;;;;;;;;;;
23/07/2023;00:10:34;89;109;265;;;;;;;;;;;;;;;;
23/07/2023;00:10:37;79;109;266;;;;;;;;;;;;;;;;
23/07/2023;00:10:39;63;109;267;;;;;;;;;;;;;;;;
23/07/2023;00:10:41;59;109;268;;;;;;;;;;;;;;;;
23/07/2023;00:10:41;15;109;269;;;;;;;;;;;;;;;;
23/07/2023;00:10:43;61;109;270;;;;;;;;;;;;;;;;
23/07/2023;00:10:47;99;109;271;;;;;;;;;;;;;;;;
23/07/2023;00:10:49;65;109;272;;;;;;;;;;;;;;;;
23/07/2023;00:10:51;71;109;273;;;;;;;;;;;;;;;;
23/07/2023;00:10:53;84;109;274;;;;;;;;;;;;;;;;
23/07/2023;00:10:56;76;109;275;;;;;;;;;;;;;;;;
23/07/2023;00:10:58;61;109;276;;;;;;;;;;;;;;;;
23/07/2023;00:10:59;27;109;277;;;;;;;;;;;;;;;;
23/07/2023;00:11:01;76;109;278;;;;;;;;;;;;;;;;
23/07/2023;00:11:03;59;109;279;;;;;;;;;;;;;;;;
23/07/2023;00:11:05;62;109;280;;;;;;;;;;;;;;;;
23/07/2023;00:11:07;62;109;281;;;;;;;;;;;;;;;;
23/07/2023;00:11:10;80;109;282;;;;;;;;;;;;;;;;
23/07/2023;00:11:11;37;109;283;;;;;;;;;;;;;;;;
23/07/2023;00:11:12;54;109;284;;;;;;;;;;;;;;;;
23/07/2023;00:11:16;86;109;285;;;;;;;;;;;;;;;;
23/07/2023;00:11:18;54;109;286;;;;;;;;;;;;;;;;
23/07/2023;00:11:21;87;109;287;;;;;;;;;;;;;;;;
23/07/2023;00:11:22;39;109;288;;;;;;;;;;;;;;;;
23/07/2023;00:11:24;62;109;289;;;;;;;;;;;;;;;;
23/07/2023;00:11:26;61;109;290;;;;;;;;;;;;;;;;
23/07/2023;00:11:27;41;109;291;;;;;;;;;;;;;;;;
23/07/2023;00:11:29;80;109;292;;;;;;;;;;;;;;;;
23/07/2023;00:11:32;87;109;293;;;;;;;;;;;;;;;;
23/07/2023;00:11:32;23;109;294;;;;;;;;;;;;;;;;
23/07/2023;00:11:33;23;109;295;;;;;;;;;;;;;;;;
23/07/2023;00:11:35;56;109;296;;;;;;;;;;;;;;;;
23/07/2023;00:11:38;79;109;297;;;;;;;;;;;;;;;;
23/07/2023;00:11:40;67;109;298;;;;;;;;;;;;;;;;
23/07/2023;00:11:41;66;109;299;;;;;;;;;;;;;;;;
23/07/2023;00:11:43;63;109;300;;;;;;;;;;;;;;;;
23/07/2023;00:11:46;70;109;301;;;;;;;;;;;;;;;;
23/07/2023;00:11:48;73;109;302;;;;;;;;;;;;;;;;
23/07/2023;00:11:50;59;109;303;;;;;;;;;;;;;;;;
23/07/2023;00:11:53;74;109;304;;;;;;;;;;;;;;;;
23/07/2023;00:11:53;23;109;305;;;;;;;;;;;;;;;;
23/07/2023;00:11:55;60;109;306;;;;;;;;;;;;;;;;
23/07/2023;00:11:57;70;109;307;;;;;;;;;;;;;;;;
23/07/2023;00:11:59;65;109;308;;;;;;;;;;;;;;;;
23/07/2023;00:12:01;63;109;309;;;;;;;;;;;;;;;;
23/07/2023;00:12:03;56;109;310;;;;;;;;;;;;;;;;
23/07/2023;00:12:05;66;109;311;;;;;;;;;;;;;;;;
23/07/2023;00:12:07;63;109;312;;;;;;;;;;;;;;;;
23/07/2023;00:12:09;58;109;313;;;;;;;;;;;;;;;;
23/07/2023;00:12:10;48;109;314;;;;;;;;;;;;;;;;
23/07/2023;00:12:13;71;109;315;;;;;;;;;;;;;;;;
23/07/2023;00:12:14;42;109;316;;;;;;;;;;;;;;;;
23/07/2023;00:12:15;39;109;317;;;;;;;;;;;;;;;;
23/07/2023;00:12:17;47;109;318;;;;;;;;;;;;;;;;
23/07/2023;00:12:19;78;109;319;;;;;;;;;;;;;;;;
23/07/2023;00:12:21;72;109;320;;;;;;;;;;;;;;;;
23/07/2023;00:12:24;76;109;321;;;;;;;;;;;;;;;;
23/07/2023;00:12:25;52;109;322;;;;;;;;;;;;;;;;
23/07/2023;00:12:27;50;109;323;;;;;;;;;;;;;;;;
23/07/2023;00:12:29;69;109;324;;;;;;;;;;;;;;;;
23/07/2023;00:12:31;61;109;325;;;;;;;;;;;;;;;;
23/07/2023;00:12:34;74;109;326;;;;;;;;;;;;;;;;
23/07/2023;00:12:37;80;109;327;;;;;;;;;;;;;;;;
23/07/2023;00:12:37;32;109;328;;;;;;;;;;;;;;;;
23/07/2023;00:12:40;78;109;329;;;;;;;;;;;;;;;;
23/07/2023;00:12:42;41;109;330;;;;;;;;;;;;;;;;
23/07/2023;00:12:44;86;109;331;;;;;;;;;;;;;;;;
23/07/2023;00:12:45;37;109;332;;;;;;;;;;;;;;;;
23/07/2023;00:12:49;88;109;333;;;;;;;;;;;;;;;;
23/07/2023;00:12:50;55;109;334;;;;;;;;;;;;;;;;
23/07/2023;00:12:52;58;109;335;;;;;;;;;;;;;;;;
23/07/2023;00:12:53;45;109;336;;;;;;;;;;;;;;;;
23/07/2023;00:12:55;60;109;337;;;;;;;;;;;;;;;;
23/07/2023;00:12:57;47;109;338;;;;;;;;;;;;;;;;
23/07/2023;00:12:58;64;109;339;;;;;;;;;;;;;;;;
23/07/2023;00:13:00;63;109;340;;;;;;;;;;;;;;;;
23/07/2023;00:13:02;60;109;341;;;;;;;;;;;;;;;;
23/07/2023;00:13:04;69;109;342;;;;;;;;;;;;;;;;
23/07/2023;00:13:06;47;109;343;;;;;;;;;;;;;;;;
23/07/2023;00:13:07;41;109;344;;;;;;;;;;;;;;;;
23/07/2023;00:13:08;49;109;345;;;;;;;;;;;;;;;;
23/07/2023;00:13:10;67;109;346;;;;;;;;;;;;;;;;
23/07/2023;00:13:12;61;109;347;;;;;;;;;;;;;;;;
23/07/2023;00:13:16;105;109;348;;;;;;;;;;;;;;;;
23/07/2023;00:13:17;35;109;349;;;;;;;;;;;;;;;;
23/07/2023;00:13:20;91;109;350;;;;;;;;;;;;;;;;
23/07/2023;00:13:21;29;109;351;;;;;;;;;;;;;;;;
23/07/2023;00:13:23;74;109;352;;;;;;;;;;;;;;;;
23/07/2023;00:13:25;57;109;353;;;;;;;;;;;;;;;;
23/07/2023;00:13:28;82;109;354;;;;;;;;;;;;;;;;
23/07/2023;00:13:30;61;109;355;;;;;;;;;;;;;;;;
23/07/2023;00:13:31;34;109;356;;;;;;;;;;;;;;;;
23/07/2023;00:13:31;29;109;357;;;;;;;;;;;;;;;;
23/07/2023;00:13:32;33;109;358;;;;;;;;;;;;;;;;
23/07/2023;00:13:34;60;109;359;;;;;;;;;;;;;;;;
23/07/2023;00:13:36;53;109;360;;;;;;;;;;;;;;;;
23/07/2023;00:13:38;60;109;361;;;;;;;;;;;;;;;;
23/07/2023;00:13:39;43;109;362;;;;;;;;;;;;;;;;
23/07/2023;00:13:41;63;109;363;;;;;;;;;;;;;;;;
23/07/2023;00:13:43;56;109;364;;;;;;;;;;;;;;;;
23/07/2023;00:13:45;75;109;365;;;;;;;;;;;;;;;;
23/07/2023;00:13:47;83;109;366;;;;;;;;;;;;;;;;
23/07/2023;00:13:51;102;109;367;;;;;;;;;;;;;;;;
23/07/2023;00:13:53;65;109;368;;;;;;;;;;;;;;;;
23/07/2023;00:13:55;71;109;369;;;;;;;;;;;;;;;;
23/07/2023;00:13:57;48;109;370;;;;;;;;;;;;;;;;
23/07/2023;00:14:00;78;109;371;;;;;;;;;;;;;;;;
23/07/2023;00:14:02;70;109;372;;;;;;;;;;;;;;;;
23/07/2023;00:14:04;69;109;373;;;;;;;;;;;;;;;;
23/07/2023;00:14:05;43;109;374;;;;;;;;;;;;;;;;
23/07/2023;00:14:08;68;109;375;;;;;;;;;;;;;;;;
23/07/2023;00:14:10;78;109;376;;;;;;;;;;;;;;;;
23/07/2023;00:14:13;81;109;377;;;;;;;;;;;;;;;;
23/07/2023;00:14:15;82;109;378;;;;;;;;;;;;;;;;
23/07/2023;00:14:18;67;109;379;;;;;;;;;;;;;;;;
23/07/2023;00:14:19;56;109;380;;;;;;;;;;;;;;;;
23/07/2023;00:14:22;81;109;381;;;;;;;;;;;;;;;;
23/07/2023;00:14:25;72;109;382;;;;;;;;;;;;;;;;
23/07/2023;00:14:25;32;109;383;;;;;;;;;;;;;;;;
23/07/2023;00:14:28;71;109;384;;;;;;;;;;;;;;;;
23/07/2023;00:14:28;31;109;385;;;;;;;;;;;;;;;;
23/07/2023;00:14:30;62;109;386;;;;;;;;;;;;;;;;
23/07/2023;00:14:32;67;109;387;;;;;;;;;;;;;;;;
23/07/2023;00:14:34;63;109;388;;;;;;;;;;;;;;;;
23/07/2023;00:14:36;76;109;389;;;;;;;;;;;;;;;;
23/07/2023;00:14:38;78;109;390;;;;;;;;;;;;;;;;
23/07/2023;00:14:41;85;109;391;;;;;;;;;;;;;;;;
23/07/2023;00:14:44;70;109;392;;;;;;;;;;;;;;;;
23/07/2023;00:14:46;74;109;393;;;;;;;;;;;;;;;;
23/07/2023;00:14:47;55;109;394;;;;;;;;;;;;;;;;
23/07/2023;00:14:50;87;109;395;;;;;;;;;;;;;;;;
23/07/2023;00:14:51;34;109;396;;;;;;;;;;;;;;;;
23/07/2023;00:14:53;46;109;397;;;;;;;;;;;;;;;;
23/07/2023;00:14:54;43;109;398;;;;;;;;;;;;;;;;
23/07/2023;00:14:56;67;109;399;;;;;;;;;;;;;;;;
23/07/2023;00:14:58;58;109;400;;;;;;;;;;;;;;;;
23/07/2023;00:15:01;95;109;401;;;;;;;;;;;;;;;;
23/07/2023;00:15:02;66;109;402;;;;;;;;;;;;;;;;
23/07/2023;00:15:03;27;109;403;;;;;;;;;;;;;;;;
23/07/2023;00:15:05;56;109;404;;;;;;;;;;;;;;;;
23/07/2023;00:15:08;84;109;405;;;;;;;;;;;;;;;;
23/07/2023;00:15:09;59;109;406;;;;;;;;;;;;;;;;
23/07/2023;00:15:10;12;109;407;;;;;;;;;;;;;;;;
23/07/2023;00:15:12;62;109;408;;;;;;;;;;;;;;;;
23/07/2023;00:15:15;97;109;409;;;;;;;;;;;;;;;;
23/07/2023;00:15:17;52;109;410;;;;;;;;;;;;;;;;
23/07/2023;00:15:20;81;109;411;;;;;;;;;;;;;;;;
23/07/2023;00:15:22;66;109;412;;;;;;;;;;;;;;;;
23/07/2023;00:15:23;27;109;413;;;;;;;;;;;;;;;;
23/07/2023;00:15:25;58;109;414;;;;;;;;;;;;;;;;
23/07/2023;00:15:26;47;109;415;;;;;;;;;;;;;;;;
23/07/2023;00:15:28;52;109;416;;;;;;;;;;;;;;;;
23/07/2023;00:15:30;75;109;417;;;;;;;;;;;;;;;;
23/07/2023;00:15:31;31;109;418;;;;;;;;;;;;;;;;
23/07/2023;00:15:33;42;109;419;;;;;;;;;;;;;;;;
23/07/2023;00:15:34;67;109;420;;;;;;;;;;;;;;;;
23/07/2023;00:15:36;52;109;421;;;;;;;;;;;;;;;;
23/07/2023;00:15:37;38;109;422;;;;;;;;;;;;;;;;
23/07/2023;00:15:38;50;109;423;;;;;;;;;;;;;;;;
23/07/2023;00:15:40;64;109;424;;;;;;;;;;;;;;;;
23/07/2023;00:15:42;66;109;425;;;;;;;;;;;;;;;;
23/07/2023;00:15:44;61;109;426;;;;;;;;;;;;;;;;
23/07/2023;00:15:46;63;109;427;;;;;;;;;;;;;;;;
23/07/2023;00:15:47;42;109;428;;;;;;;;;;;;;;;;
23/07/2023;00:15:48;11;109;429;;;;;;;;;;;;;;;;
23/07/2023;00:15:50;61;109;430;;;;;;;;;;;;;;;;
23/07/2023;00:15:52;69;109;431;;;;;;;;;;;;;;;;
23/07/2023;00:15:54;67;109;432;;;;;;;;;;;;;;;;
23/07/2023;00:15:55;18;109;433;;;;;;;;;;;;;;;;
23/07/2023;00:15:57;58;109;434;;;;;;;;;;;;;;;;
23/07/2023;00:15:59;65;109;435;;;;;;;;;;;;;;;;
23/07/2023;00:16:00;60;109;436;;;;;;;;;;;;;;;;
23/07/2023;00:16:02;48;109;437;;;;;;;;;;;;;;;;
23/07/2023;00:16:04;66;109;438;;;;;;;;;;;;;;;;
23/07/2023;00:16:06;82;109;439;;;;;;;;;;;;;;;;
23/07/2023;00:16:07;26;109;440;;;;;;;;;;;;;;;;
23/07/2023;00:16:09;47;109;441;;;;;;;;;;;;;;;;
23/07/2023;00:16:10;55;109;442;;;;;;;;;;;;;;;;
23/07/2023;00:16:12;55;109;443;;;;;;;;;;;;;;;;
23/07/2023;00:16:14;86;109;444;;;;;;;;;;;;;;;;
23/07/2023;00:16:16;64;109;445;;;;;;;;;;;;;;;;
23/07/2023;00:16:18;52;109;446;;;;;;;;;;;;;;;;
23/07/2023;00:16:20;81;109;447;;;;;;;;;;;;;;;;
23/07/2023;00:16:21;49;109;448;;;;;;;;;;;;;;;;
23/07/2023;00:16:22;32;109;449;;;;;;;;;;;;;;;;
23/07/2023;00:16:25;85;109;450;;;;;;;;;;;;;;;;
23/07/2023;00:16:27;66;109;451;;;;;;;;;;;;;;;;
23/07/2023;00:16:28;60;109;452;;;;;;;;;;;;;;;;
23/07/2023;00:16:29;25;109;453;;;;;;;;;;;;;;;;
23/07/2023;00:16:32;91;109;454;;;;;;;;;;;;;;;;
23/07/2023;00:16:35;75;109;455;;;;;;;;;;;;;;;;
23/07/2023;00:16:37;74;109;456;;;;;;;;;;;;;;;;
23/07/2023;00:16:38;36;109;457;;;;;;;;;;;;;;;;
23/07/2023;00:16:41;89;109;458;;;;;;;;;;;;;;;;
23/07/2023;00:16:43;74;109;459;;;;;;;;;;;;;;;;
23/07/2023;00:16:46;73;109;460;;;;;;;;;;;;;;;;
23/07/2023;00:16:47;51;109;461;;;;;;;;;;;;;;;;
23/07/2023;00:16:49;66;109;462;;;;;;;;;;;;;;;;
23/07/2023;00:16:51;74;109;463;;;;;;;;;;;;;;;;
23/07/2023;00:16:54;66;109;464;;;;;;;;;;;;;;;;
23/07/2023;00:16:55;50;109;465;;;;;;;;;;;;;;;;
23/07/2023;00:16:57;57;109;466;;;;;;;;;;;;;;;;
23/07/2023;00:16:58;54;109;467;;;;;;;;;;;;;;;;
23/07/2023;00:17:01;80;109;468;;;;;;;;;;;;;;;;
23/07/2023;00:17:05;100;109;469;;;;;;;;;;;;;;;;
23/07/2023;00:17:06;58;109;470;;;;;;;;;;;;;;;;
23/07/2023;00:17:07;31;109;471;;;;;;;;;;;;;;;;
23/07/2023;00:17:09;52;109;472;;;;;;;;;;;;;;;;
23/07/2023;00:17:12;105;109;473;;;;;;;;;;;;;;;;
23/07/2023;00:17:14;84;109;474;;;;;;;;;;;;;;;;
23/07/2023;00:17:16;54;109;475;;;;;;;;;;;;;;;;
23/07/2023;00:17:19;87;109;476;;;;;;;;;;;;;;;;
23/07/2023;00:17:19;11;109;477;;;;;;;;;;;;;;;;
23/07/2023;00:17:20;39;109;478;;;;;;;;;;;;;;;;
23/07/2023;00:17:23;80;109;479;;;;;;;;;;;;;;;;
23/07/2023;00:17:25;80;109;480;;;;;;;;;;;;;;;;
23/07/2023;00:17:29;84;109;481;;;;;;;;;;;;;;;;
23/07/2023;00:17:30;32;109;482;;;;;;;;;;;;;;;;
23/07/2023;00:17:32;74;109;483;;;;;;;;;;;;;;;;
23/07/2023;00:17:32;12;109;484;;;;;;;;;;;;;;;;
23/07/2023;00:17:35;83;109;485;;;;;;;;;;;;;;;;
23/07/2023;00:17:38;84;109;486;;;;;;;;;;;;;;;;
23/07/2023;00:17:41;93;109;487;;;;;;;;;;;;;;;;
23/07/2023;00:17:42;49;109;488;;;;;;;;;;;;;;;;
23/07/2023;00:17:45;86;109;489;;;;;;;;;;;;;;;;
23/07/2023;00:17:47;61;109;490;;;;;;;;;;;;;;;;
23/07/2023;00:17:49;57;109;491;;;;;;;;;;;;;;;;
23/07/2023;00:17:50;41;109;492;;;;;;;;;;;;;;;;
23/07/2023;00:17:52;68;109;493;;;;;;;;;;;;;;;;
23/07/2023;00:17:55;87;109;494;;;;;;;;;;;;;;;;
23/07/2023;00:17:57;66;109;495;;;;;;;;;;;;;;;;
23/07/2023;00:17:59;76;109;496;;;;;;;;;;;;;;;;
23/07/2023;00:18:01;54;109;497;;;;;;;;;;;;;;;;
23/07/2023;00:18:04;96;109;498;;;;;;;;;;;;;;;;
23/07/2023;00:18:06;75;109;499;;;;;;;;;;;;;;;;
23/07/2023;00:18:08;59;109;500;;;;;;;;;;;;;;;;
23/07/2023;00:18:10;73;109;501;;;;;;;;;;;;;;;;
23/07/2023;00:18:12;63;109;502;;;;;;;;;;;;;;;;
23/07/2023;00:18:14;70;109;503;;;;;;;;;;;;;;;;
23/07/2023;00:18:17;83;109;504;;;;;;;;;;;;;;;;
23/07/2023;00:18:19;64;109;505;;;;;;;;;;;;;;;;
23/07/2023;00:18:19;11;109;506;;;;;;;;;;;;;;;;
23/07/2023;00:18:21;76;109;507;;;;;;;;;;;;;;;;
23/07/2023;00:18:24;65;109;508;;;;;;;;;;;;;;;;
23/07/2023;00:18:27;87;109;509;;;;;;;;;;;;;;;;
23/07/2023;00:18:29;65;109;510;;;;;;;;;;;;;;;;
23/07/2023;00:18:31;68;109;511;;;;;;;;;;;;;;;;
23/07/2023;00:18:33;72;109;512;;;;;;;;;;;;;;;;
23/07/2023;00:18:34;37;109;513;;;;;;;;;;;;;;;;
23/07/2023;00:18:37;88;109;514;;;;;;;;;;;;;;;;
23/07/2023;00:18:38;54;109;515;;;;;;;;;;;;;;;;
23/07/2023;00:18:41;84;109;516;;;;;;;;;;;;;;;;
23/07/2023;00:18:43;58;109;517;;;;;;;;;;;;;;;;
23/07/2023;00:18:45;87;109;518;;;;;;;;;;;;;;;;
23/07/2023;00:18:47;47;109;519;;;;;;;;;;;;;;;;
23/07/2023;00:18:48;53;109;520;;;;;;;;;;;;;;;;
23/07/2023;00:18:48;3;109;521;;;;;;;;;;;;;;;;
23/07/2023;00:18:51;86;109;522;;;;;;;;;;;;;;;;
23/07/2023;00:18:53;75;109;523;;;;;;;;;;;;;;;;
23/07/2023;00:18:55;51;109;524;;;;;;;;;;;;;;;;
23/07/2023;00:18:57;70;109;525;;;;;;;;;;;;;;;;
23/07/2023;00:18:59;65;109;526;;;;;;;;;;;;;;;;
23/07/2023;00:19:01;63;109;527;;;;;;;;;;;;;;;;
23/07/2023;00:19:03;68;109;528;;;;;;;;;;;;;;;;
23/07/2023;00:19:06;101;109;529;;;;;;;;;;;;;;;;
23/07/2023;00:19:08;82;109;530;;;;;;;;;;;;;;;;
23/07/2023;00:19:09;37;109;531;;;;;;;;;;;;;;;;
23/07/2023;00:19:11;70;109;532;;;;;;;;;;;;;;;;
23/07/2023;00:19:13;59;109;533;;;;;;;;;;;;;;;;
23/07/2023;00:19:15;75;109;534;;;;;;;;;;;;;;;;
23/07/2023;00:19:17;62;109;535;;;;;;;;;;;;;;;;
23/07/2023;00:19:20;87;109;536;;;;;;;;;;;;;;;;
23/07/2023;00:19:22;53;109;537;;;;;;;;;;;;;;;;
23/07/2023;00:19:24;78;109;538;;;;;;;;;;;;;;;;
23/07/2023;00:19:26;57;109;539;;;;;;;;;;;;;;;;
23/07/2023;00:19:28;73;109;540;;;;;;;;;;;;;;;;
23/07/2023;00:19:30;50;109;541;;;;;;;;;;;;;;;;
23/07/2023;00:19:32;90;109;542;;;;;;;;;;;;;;;;
23/07/2023;00:19:34;75;109;543;;;;;;;;;;;;;;;;
23/07/2023;00:19:37;73;109;544;;;;;;;;;;;;;;;;
23/07/2023;00:19:38;51;109;545;;;;;;;;;;;;;;;;
23/07/2023;00:19:41;78;109;546;;;;;;;;;;;;;;;;
23/07/2023;00:19:43;70;109;547;;;;;;;;;;;;;;;;
23/07/2023;00:19:45;77;109;548;;;;;;;;;;;;;;;;
23/07/2023;00:19:46;27;109;549;;;;;;;;;;;;;;;;
23/07/2023;00:19:47;41;109;550;;;;;;;;;;;;;;;;
23/07/2023;00:19:50;94;109;551;;;;;;;;;;;;;;;;
23/07/2023;00:19:52;82;109;552;;;;;;;;;;;;;;;;
23/07/2023;00:19:55;89;109;553;;;;;;;;;;;;;;;;
23/07/2023;00:19:56;16;109;554;;;;;;;;;;;;;;;;
23/07/2023;00:19:58;73;109;555;;;;;;;;;;;;;;;;
23/07/2023;00:20:00;60;109;556;;;;;;;;;;;;;;;;
23/07/2023;00:20:02;70;109;557;;;;;;;;;;;;;;;;
23/07/2023;00:20:05;94;109;558;;;;;;;;;;;;;;;;
23/07/2023;00:20:08;73;109;559;;;;;;;;;;;;;;;;
23/07/2023;00:20:11;88;109;560;;;;;;;;;;;;;;;;
23/07/2023;00:20:13;53;109;561;;;;;;;;;;;;;;;;
23/07/2023;00:20:15;81;109;562;;;;;;;;;;;;;;;;
23/07/2023;00:20:17;78;109;563;;;;;;;;;;;;;;;;
23/07/2023;00:20:18;30;109;564;;;;;;;;;;;;;;;;
23/07/2023;00:20:21;89;109;565;;;;;;;;;;;;;;;;
23/07/2023;00:20:22;63;109;566;;;;;;;;;;;;;;;;
23/07/2023;00:20:24;57;109;567;;;;;;;;;;;;;;;;
23/07/2023;00:20:24;9;109;568;;;;;;;;;;;;;;;;
23/07/2023;00:20:27;80;109;569;;;;;;;;;;;;;;;;
23/07/2023;00:20:29;85;109;570;;;;;;;;;;;;;;;;
23/07/2023;00:20:31;68;109;571;;;;;;;;;;;;;;;;
23/07/2023;00:20:33;50;109;572;;;;;;;;;;;;;;;;
23/07/2023;00:20:35;82;109;573;;;;;;;;;;;;;;;;
23/07/2023;00:20:38;77;109;574;;;;;;;;;;;;;;;;
23/07/2023;00:20:40;71;109;575;;;;;;;;;;;;;;;;
23/07/2023;00:20:41;57;109;576;;;;;;;;;;;;;;;;
23/07/2023;00:20:43;42;109;577;;;;;;;;;;;;;;;;
23/07/2023;00:20:44;57;109;578;;;;;;;;;;;;;;;;
23/07/2023;00:20:47;85;109;579;;;;;;;;;;;;;;;;
23/07/2023;00:20:50;78;109;580;;;;;;;;;;;;;;;;
23/07/2023;00:20:52;83;109;581;;;;;;;;;;;;;;;;
23/07/2023;00:20:54;65;109;582;;;;;;;;;;;;;;;;
23/07/2023;00:20:56;56;109;583;;;;;;;;;;;;;;;;
23/07/2023;00:20:58;67;109;584;;;;;;;;;;;;;;;;
23/07/2023;00:21:00;81;109;585;;;;;;;;;;;;;;;;
23/07/2023;00:21:02;46;109;586;;;;;;;;;;;;;;;;
23/07/2023;00:21:04;78;109;587;;;;;;;;;;;;;;;;
23/07/2023;00:21:06;61;109;588;;;;;;;;;;;;;;;;
23/07/2023;00:21:08;72;109;589;;;;;;;;;;;;;;;;
23/07/2023;00:21:09;44;109;590;;;;;;;;;;;;;;;;
23/07/2023;00:21:10;44;109;591;;;;;;;;;;;;;;;;
23/07/2023;00:21:13;72;109;592;;;;;;;;;;;;;;;;
23/07/2023;00:21:13;13;109;593;;;;;;;;;;;;;;;;
23/07/2023;00:21:16;99;109;594;;;;;;;;;;;;;;;;
23/07/2023;00:21:18;75;109;595;;;;;;;;;;;;;;;;
23/07/2023;00:21:21;72;109;596;;;;;;;;;;;;;;;;
23/07/2023;00:21:23;60;109;597;;;;;;;;;;;;;;;;
23/07/2023;00:21:24;63;109;598;;;;;;;;;;;;;;;;
23/07/2023;00:21:27;93;109;599;;;;;;;;;;;;;;;;
23/07/2023;00:21:29;49;109;600;;;;;;;;;;;;;;;;
23/07/2023;00:21:31;66;109;601;;;;;;;;;;;;;;;;
23/07/2023;00:21:32;55;109;602;;;;;;;;;;;;;;;;
23/07/2023;00:21:34;68;109;603;;;;;;;;;;;;;;;;
23/07/2023;00:21:36;70;109;604;;;;;;;;;;;;;;;;
23/07/2023;00:21:39;71;109;605;;;;;;;;;;;;;;;;
23/07/2023;00:21:41;79;109;606;;;;;;;;;;;;;;;;
23/07/2023;00:21:42;42;109;607;;;;;;;;;;;;;;;;
23/07/2023;00:21:43;48;109;608;;;;;;;;;;;;;;;;
23/07/2023;00:21:46;79;109;609;;;;;;;;;;;;;;;;
23/07/2023;00:21:47;48;109;610;;;;;;;;;;;;;;;;
23/07/2023;00:21:48;46;109;611;;;;;;;;;;;;;;;;
23/07/2023;00:21:50;52;109;612;;;;;;;;;;;;;;;;
23/07/2023;00:21:52;77;109;613;;;;;;;;;;;;;;;;
23/07/2023;00:21:55;106;109;614;;;;;;;;;;;;;;;;
23/07/2023;00:21:56;31;109;615;;;;;;;;;;;;;;;;
23/07/2023;00:21:57;42;109;616;;;;;;;;;;;;;;;;
23/07/2023;00:22:01;101;109;617;;;;;;;;;;;;;;;;
23/07/2023;00:22:02;37;109;618;;;;;;;;;;;;;;;;
23/07/2023;00:22:03;47;109;619;;;;;;;;;;;;;;;;
23/07/2023;00:22:06;86;109;620;;;;;;;;;;;;;;;;
23/07/2023;00:22:08;64;109;621;;;;;;;;;;;;;;;;
23/07/2023;00:22:10;74;109;622;;;;;;;;;;;;;;;;
23/07/2023;00:22:12;70;109;623;;;;;;;;;;;;;;;;
23/07/2023;00:22:15;65;109;624;;;;;;;;;;;;;;;;
23/07/2023;00:22:17;77;109;625;;;;;;;;;;;;;;;;
23/07/2023;00:22:20;80;109;626;;;;;;;;;;;;;;;;
23/07/2023;00:22:22;84;109;627;;;;;;;;;;;;;;;;
23/07/2023;00:22:25;81;109;628;;;;;;;;;;;;;;;;
23/07/2023;00:22:27;70;109;629;;;;;;;;;;;;;;;;
23/07/2023;00:22:29;59;109;630;;;;;;;;;;;;;;;;
23/07/2023;00:22:31;79;109;631;;;;;;;;;;;;;;;;
23/07/2023;00:22:32;30;109;632;;;;;;;;;;;;;;;;
23/07/2023;00:22:34;68;109;633;;;;;;;;;;;;;;;;
23/07/2023;00:22:36;79;109;634;;;;;;;;;;;;;;;;
23/07/2023;00:22:38;56;109;635;;;;;;;;;;;;;;;;
23/07/2023;00:22:40;63;109;636;;;;;;;;;;;;;;;;
23/07/2023;00:22:43;98;109;637;;;;;;;;;;;;;;;;
23/07/2023;00:22:46;80;109;638;;;;;;;;;;;;;;;;
23/07/2023;00:22:47;32;109;639;;;;;;;;;;;;;;;;
23/07/2023;00:22:49;69;109;640;;;;;;;;;;;;;;;;
23/07/2023;00:22:52;96;109;641;;;;;;;;;;;;;;;;
23/07/2023;00:22:56;85;109;642;;;;;;;;;;;;;;;;
23/07/2023;00:22:57;46;109;643;;;;;;;;;;;;;;;;
23/07/2023;00:23:00;83;109;644;;;;;;;;;;;;;;;;
23/07/2023;00:23:02;78;109;645;;;;;;;;;;;;;;;;
23/07/2023;00:23:03;26;109;646;;;;;;;;;;;;;;;;
23/07/2023;00:23:04;51;109;647;;;;;;;;;;;;;;;;
23/07/2023;00:23:06;52;109;648;;;;;;;;;;;;;;;;
23/07/2023;00:23:08;60;109;649;;;;;;;;;;;;;;;;
23/07/2023;00:23:10;91;109;650;;;;;;;;;;;;;;;;
23/07/2023;00:23:13;85;109;651;;;;;;;;;;;;;;;;
23/07/2023;00:23:14;37;109;652;;;;;;;;;;;;;;;;
23/07/2023;00:23:17;92;109;653;;;;;;;;;;;;;;;;
23/07/2023;00:23:18;36;109;654;;;;;;;;;;;;;;;;
23/07/2023;00:23:20;64;109;655;;;;;;;;;;;;;;;;
23/07/2023;00:23:21;39;109;656;;;;;;;;;;;;;;;;
23/07/2023;00:23:23;67;109;657;;;;;;;;;;;;;;;;
23/07/2023;00:23:25;35;109;658;;;;;;;;;;;;;;;;
23/07/2023;00:23:27;71;109;659;;;;;;;;;;;;;;;;
23/07/2023;00:23:28;42;109;660;;;;;;;;;;;;;;;;
23/07/2023;00:23:30;60;109;661;;;;;;;;;;;;;;;;
23/07/2023;00:23:31;60;109;662;;;;;;;;;;;;;;;;
23/07/2023;00:23:34;75;109;663;;;;;;;;;;;;;;;;
23/07/2023;00:23:35;45;109;664;;;;;;;;;;;;;;;;
23/07/2023;00:23:37;61;109;665;;;;;;;;;;;;;;;;
23/07/2023;00:23:38;42;109;666;;;;;;;;;;;;;;;;
23/07/2023;00:23:41;89;109;667;;;;;;;;;;;;;;;;
23/07/2023;00:23:42;47;109;668;;;;;;;;;;;;;;;;
23/07/2023;00:23:45;80;109;669;;;;;;;;;;;;;;;;
23/07/2023;00:23:48;90;109;670;;;;;;;;;;;;;;;;
23/07/2023;00:23:49;55;109;671;;;;;;;;;;;;;;;;
23/07/2023;00:23:52;79;109;672;;;;;;;;;;;;;;;;
23/07/2023;00:23:54;73;109;673;;;;;;;;;;;;;;;;
23/07/2023;00:23:57;68;109;674;;;;;;;;;;;;;;;;
23/07/2023;00:23:58;51;109;675;;;;;;;;;;;;;;;;
23/07/2023;00:24:00;77;109;676;;;;;;;;;;;;;;;;
23/07/2023;00:24:01;36;109;677;;;;;;;;;;;;;;;;
23/07/2023;00:24:02;26;109;678;;;;;;;;;;;;;;;;
23/07/2023;00:24:03;42;109;679;;;;;;;;;;;;;;;;
23/07/2023;00:24:06;76;109;680;;;;;;;;;;;;;;;;
23/07/2023;00:24:08;82;109;681;;;;;;;;;;;;;;;;
23/07/2023;00:24:10;77;109;682;;;;;;;;;;;;;;;;
23/07/2023;00:24:12;68;109;683;;;;;;;;;;;;;;;;
23/07/2023;00:24:13;28;109;684;;;;;;;;;;;;;;;;
23/07/2023;00:24:15;52;109;685;;;;;;;;;;;;;;;;
23/07/2023;00:24:17;82;109;686;;;;;;;;;;;;;;;;
23/07/2023;00:24:18;50;109;687;;;;;;;;;;;;;;;;
23/07/2023;00:24:21;72;109;688;;;;;;;;;;;;;;;;
23/07/2023;00:24:23;73;109;689;;;;;;;;;;;;;;;;
23/07/2023;00:24:25;65;109;690;;;;;;;;;;;;;;;;
23/07/2023;00:24:27;63;109;691;;;;;;;;;;;;;;;;
23/07/2023;00:24:29;59;109;692;;;;;;;;;;;;;;;;
23/07/2023;00:24:31;84;109;693;;;;;;;;;;;;;;;;
23/07/2023;00:24:34;80;109;694;;;;;;;;;;;;;;;;
23/07/2023;00:24:36;76;109;695;;;;;;;;;;;;;;;;
23/07/2023;00:24:38;64;109;696;;;;;;;;;;;;;;;;
23/07/2023;00:24:41;79;109;697;;;;;;;;;;;;;;;;
23/07/2023;00:24:42;32;109;698;;;;;;;;;;;;;;;;
23/07/2023;00:24:44;77;109;699;;;;;;;;;;;;;;;;
23/07/2023;00:24:47;82;109;700;;;;;;;;;;;;;;;;
23/07/2023;00:24:49;79;109;701;;;;;;;;;;;;;;;;
23/07/2023;00:24:50;40;109;702;;;;;;;;;;;;;;;;
23/07/2023;00:24:53;71;109;703;;;;;;;;;;;;;;;;
23/07/2023;00:24:55;65;109;704;;;;;;;;;;;;;;;;
23/07/2023;00:24:57;79;109;705;;;;;;;;;;;;;;;;
23/07/2023;00:24:58;16;109;706;;;;;;;;;;;;;;;;
23/07/2023;00:25:00;64;109;707;;;;;;;;;;;;;;;;
23/07/2023;00:25:02;75;109;708;;;;;;;;;;;;;;;;
23/07/2023;00:25:04;49;109;709;;;;;;;;;;;;;;;;
23/07/2023;00:25:05;57;109;710;;;;;;;;;;;;;;;;
23/07/2023;00:25:09;68;109;711;;;;;;;;;;;;;;;;
23/07/2023;00:25:12;87;109;712;;;;;;;;;;;;;;;;
23/07/2023;00:25:14;61;109;713;;;;;;;;;;;;;;;;
23/07/2023;00:25:16;74;109;714;;;;;;;;;;;;;;;;
23/07/2023;00:25:17;28;109;715;;;;;;;;;;;;;;;;
23/07/2023;00:25:18;29;109;716;;;;;;;;;;;;;;;;
23/07/2023;00:25:18;3;109;717;;;;;;;;;;;;;;;;
23/07/2023;00:25:21;93;109;718;;;;;;;;;;;;;;;;
23/07/2023;00:25:23;81;109;719;;;;;;;;;;;;;;;;
23/07/2023;00:25:25;63;109;720;;;;;;;;;;;;;;;;
23/07/2023;00:25:27;67;109;721;;;;;;;;;;;;;;;;
23/07/2023;00:25:29;65;109;722;;;;;;;;;;;;;;;;
23/07/2023;00:25:31;61;109;723;;;;;;;;;;;;;;;;
23/07/2023;00:25:34;88;109;724;;;;;;;;;;;;;;;;
23/07/2023;00:25:35;40;109;725;;;;;;;;;;;;;;;;
23/07/2023;00:25:38;79;109;726;;;;;;;;;;;;;;;;
23/07/2023;00:25:40;66;109;727;;;;;;;;;;;;;;;;
23/07/2023;00:25:41;49;109;728;;;;;;;;;;;;;;;;
23/07/2023;00:25:42;39;109;729;;;;;;;;;;;;;;;;
23/07/2023;00:25:44;68;109;730;;;;;;;;;;;;;;;;
23/07/2023;00:25:46;54;109;731;;;;;;;;;;;;;;;;
23/07/2023;00:25:47;53;109;732;;;;;;;;;;;;;;;;
23/07/2023;00:25:49;43;109;733;;;;;;;;;;;;;;;;
23/07/2023;00:25:50;58;109;734;;;;;;;;;;;;;;;;
23/07/2023;00:25:53;72;109;735;;;;;;;;;;;;;;;;
23/07/2023;00:25:56;93;109;736;;;;;;;;;;;;;;;;
23/07/2023;00:25:58;87;109;737;;;;;;;;;;;;;;;;
23/07/2023;00:26:00;71;109;738;;;;;;;;;;;;;;;;
23/07/2023;00:26:03;71;109;739;;;;;;;;;;;;;;;;
23/07/2023;00:26:05;78;109;740;;;;;;;;;;;;;;;;
23/07/2023;00:26:07;60;109;741;;;;;;;;;;;;;;;;
23/07/2023;00:26:08;30;109;742;;;;;;;;;;;;;;;;
23/07/2023;00:26:10;87;109;743;;;;;;;;;;;;;;;;
23/07/2023;00:26:11;39;109;744;;;;;;;;;;;;;;;;
23/07/2023;00:26:14;75;109;745;;;;;;;;;;;;;;;;
23/07/2023;00:26:17;86;109;746;;;;;;;;;;;;;;;;
23/07/2023;00:26:19;61;109;747;;;;;;;;;;;;;;;;
23/07/2023;00:26:21;73;109;748;;;;;;;;;;;;;;;;
23/07/2023;00:26:23;66;109;749;;;;;;;;;;;;;;;;
23/07/2023;00:26:25;73;109;750;;;;;;;;;;;;;;;;
23/07/2023;00:26:27;64;109;751;;;;;;;;;;;;;;;;
23/07/2023;00:26:29;73;109;752;;;;;;;;;;;;;;;;
23/07/2023;00:26:30;33;109;753;;;;;;;;;;;;;;;;
23/07/2023;00:26:32;59;109;754;;;;;;;;;;;;;;;;
23/07/2023;00:26:34;67;109;755;;;;;;;;;;;;;;;;
23/07/2023;00:26:36;63;109;756;;;;;;;;;;;;;;;;
23/07/2023;00:26:37;65;109;757;;;;;;;;;;;;;;;;
23/07/2023;00:26:40;66;109;758;;;;;;;;;;;;;;;;
23/07/2023;00:26:41;39;109;759;;;;;;;;;;;;;;;;
23/07/2023;00:26:44;82;109;760;;;;;;;;;;;;;;;;
23/07/2023;00:26:45;53;109;761;;;;;;;;;;;;;;;;
23/07/2023;00:26:47;72;109;762;;;;;;;;;;;;;;;;
23/07/2023;00:26:50;84;109;763;;;;;;;;;;;;;;;;
23/07/2023;00:26:51;25;109;764;;;;;;;;;;;;;;;;
23/07/2023;00:26:53;50;109;765;;;;;;;;;;;;;;;;
23/07/2023;00:26:54;47;109;766;;;;;;;;;;;;;;;;
23/07/2023;00:26:54;16;109;767;;;;;;;;;;;;;;;;
23/07/2023;00:26:55;7;109;768;;;;;;;;;;;;;;;;
23/07/2023;00:26:56;55;109;769;;;;;;;;;;;;;;;;
23/07/2023;00:26:58;61;109;770;;;;;;;;;;;;;;;;
23/07/2023;00:27:01;91;109;771;;;;;;;;;;;;;;;;
23/07/2023;00:27:03;67;109;772;;;;;;;;;;;;;;;;
23/07/2023;00:27:06;91;109;773;;;;;;;;;;;;;;;;
23/07/2023;00:27:08;56;109;774;;;;;;;;;;;;;;;;
23/07/2023;00:27:10;68;109;775;;;;;;;;;;;;;;;;
23/07/2023;00:27:12;69;109;776;;;;;;;;;;;;;;;;
23/07/2023;00:27:13;52;109;777;;;;;;;;;;;;;;;;
23/07/2023;00:27:15;65;109;778;;;;;;;;;;;;;;;;
23/07/2023;00:27:17;61;109;779;;;;;;;;;;;;;;;;
23/07/2023;00:27:18;55;109;780;;;;;;;;;;;;;;;;
23/07/2023;00:27:21;80;109;781;;;;;;;;;;;;;;;;
23/07/2023;00:27:22;48;109;782;;;;;;;;;;;;;;;;
23/07/2023;00:27:23;44;109;783;;;;;;;;;;;;;;;;
23/07/2023;00:27:26;85;109;784;;;;;;;;;;;;;;;;
23/07/2023;00:27:28;73;109;785;;;;;;;;;;;;;;;;
23/07/2023;00:27:29;51;109;786;;;;;;;;;;;;;;;;
23/07/2023;00:27:31;59;109;787;;;;;;;;;;;;;;;;
23/07/2023;00:27:33;71;109;788;;;;;;;;;;;;;;;;
23/07/2023;00:27:33;5;109;789;;;;;;;;;;;;;;;;
23/07/2023;00:27:36;76;109;790;;;;;;;;;;;;;;;;
23/07/2023;00:27:38;49;109;791;;;;;;;;;;;;;;;;
23/07/2023;00:27:41;84;109;792;;;;;;;;;;;;;;;;
23/07/2023;00:27:42;38;109;793;;;;;;;;;;;;;;;;
23/07/2023;00:27:45;88;109;794;;;;;;;;;;;;;;;;
23/07/2023;00:27:47;81;109;795;;;;;;;;;;;;;;;;
23/07/2023;00:27:50;72;109;796;;;;;;;;;;;;;;;;
23/07/2023;00:27:51;38;109;797;;;;;;;;;;;;;;;;
23/07/2023;00:27:53;73;109;798;;;;;;;;;;;;;;;;
23/07/2023;00:27:55;54;109;799;;;;;;;;;;;;;;;;
23/07/2023;00:27:56;37;109;800;;;;;;;;;;;;;;;;
23/07/2023;00:27:57;56;109;801;;;;;;;;;;;;;;;;
23/07/2023;00:28:00;79;109;802;;;;;;;;;;;;;;;;
23/07/2023;00:28:02;66;109;803;;;;;;;;;;;;;;;;
23/07/2023;00:28:05;80;109;804;;;;;;;;;;;;;;;;
23/07/2023;00:28:08;82;109;805;;;;;;;;;;;;;;;;
23/07/2023;00:28:12;104;109;806;;;;;;;;;;;;;;;;
23/07/2023;00:28:14;61;109;807;;;;;;;;;;;;;;;;
23/07/2023;00:28:16;69;109;808;;;;;;;;;;;;;;;;
23/07/2023;00:28:18;68;109;809;;;;;;;;;;;;;;;;
23/07/2023;00:28:21;85;109;810;;;;;;;;;;;;;;;;
23/07/2023;00:28:22;46;109;811;;;;;;;;;;;;;;;;
23/07/2023;00:28:24;46;109;812;;;;;;;;;;;;;;;;
23/07/2023;00:28:27;91;109;813;;;;;;;;;;;;;;;;
23/07/2023;00:28:29;82;109;814;;;;;;;;;;;;;;;;
23/07/2023;00:28:32;80;109;815;;;;;;;;;;;;;;;;
23/07/2023;00:28:34;81;109;816;;;;;;;;;;;;;;;;
23/07/2023;00:28:37;83;109;817;;;;;;;;;;;;;;;;
23/07/2023;00:28:38;52;109;818;;;;;;;;;;;;;;;;
23/07/2023;00:28:40;48;109;819;;;;;;;;;;;;;;;;
23/07/2023;00:28:42;86;109;820;;;;;;;;;;;;;;;;
23/07/2023;00:28:43;23;109;821;;;;;;;;;;;;;;;;
23/07/2023;00:28:45;50;109;822;;;;;;;;;;;;;;;;
23/07/2023;00:28:48;79;109;823;;;;;;;;;;;;;;;;
23/07/2023;00:28:49;57;109;824;;;;;;;;;;;;;;;;
23/07/2023;00:28:52;73;109;825;;;;;;;;;;;;;;;;
23/07/2023;00:28:54;70;109;826;;;;;;;;;;;;;;;;
23/07/2023;00:28:57;76;109;827;;;;;;;;;;;;;;;;
23/07/2023;00:28:59;66;109;828;;;;;;;;;;;;;;;;
23/07/2023;00:29:01;78;109;829;;;;;;;;;;;;;;;;
23/07/2023;00:29:03;56;109;830;;;;;;;;;;;;;;;;
23/07/2023;00:29:06;67;109;831;;;;;;;;;;;;;;;;
23/07/2023;00:29:07;42;109;832;;;;;;;;;;;;;;;;
23/07/2023;00:29:10;70;109;833;;;;;;;;;;;;;;;;
23/07/2023;00:29:11;55;109;834;;;;;;;;;;;;;;;;
23/07/2023;00:29:13;46;109;835;;;;;;;;;;;;;;;;
23/07/2023;00:29:15;66;109;836;;;;;;;;;;;;;;;;
23/07/2023;00:29:17;78;109;837;;;;;;;;;;;;;;;;
23/07/2023;00:29:19;82;109;838;;;;;;;;;;;;;;;;
23/07/2023;00:29:22;66;109;839;;;;;;;;;;;;;;;;
23/07/2023;00:29:24;83;109;840;;;;;;;;;;;;;;;;
23/07/2023;00:29:26;70;109;841;;;;;;;;;;;;;;;;
23/07/2023;00:29:30;90;109;842;;;;;;;;;;;;;;;;
23/07/2023;00:29:31;41;109;843;;;;;;;;;;;;;;;;
23/07/2023;00:29:32;47;109;844;;;;;;;;;;;;;;;;
23/07/2023;00:29:32;2;109;845;;;;;;;;;;;;;;;;
23/07/2023;00:29:33;30;109;846;;;;;;;;;;;;;;;;
23/07/2023;00:29:35;70;109;847;;;;;;;;;;;;;;;;
23/07/2023;00:29:37;61;109;848;;;;;;;;;;;;;;;;
23/07/2023;00:29:39;62;109;849;;;;;;;;;;;;;;;;
23/07/2023;00:29:41;57;109;850;;;;;;;;;;;;;;;;
23/07/2023;00:29:43;65;109;851;;;;;;;;;;;;;;;;
23/07/2023;00:29:44;55;109;852;;;;;;;;;;;;;;;;
23/07/2023;00:29:45;39;109;853;;;;;;;;;;;;;;;;
23/07/2023;00:29:47;50;109;854;;;;;;;;;;;;;;;;
23/07/2023;00:29:49;69;109;855;;;;;;;;;;;;;;;;
23/07/2023;00:29:51;49;109;856;;;;;;;;;;;;;;;;
23/07/2023;00:29:52;59;109;857;;;;;;;;;;;;;;;;
23/07/2023;00:29:54;47;109;858;;;;;;;;;;;;;;;;
23/07/2023;00:29:55;49;109;859;;;;;;;;;;;;;;;;
23/07/2023;00:29:57;62;109;860;;;;;;;;;;;;;;;;
23/07/2023;00:29:59;64;109;861;;;;;;;;;;;;;;;;
23/07/2023;00:29:59;28;109;862;;;;;;;;;;;;;;;;
23/07/2023;00:30:01;58;109;863;;;;;;;;;;;;;;;;
23/07/2023;00:30:03;66;109;864;;;;;;;;;;;;;;;;
23/07/2023;00:30:06;70;109;865;;;;;;;;;;;;;;;;
23/07/2023;00:30:08;63;109;866;;;;;;;;;;;;;;;;
23/07/2023;00:30:10;85;109;867;;;;;;;;;;;;;;;;
23/07/2023;00:30:12;42;109;868;;;;;;;;;;;;;;;;
23/07/2023;00:30:13;48;109;869;;;;;;;;;;;;;;;;
23/07/2023;00:30:16;73;109;870;;;;;;;;;;;;;;;;
23/07/2023;00:30:18;69;109;871;;;;;;;;;;;;;;;;
23/07/2023;00:30:20;74;109;872;;;;;;;;;;;;;;;;
23/07/2023;00:30:23;72;109;873;;;;;;;;;;;;;;;;
23/07/2023;00:30:25;56;109;874;;;;;;;;;;;;;;;;
23/07/2023;00:30:26;47;109;875;;;;;;;;;;;;;;;;
23/07/2023;00:30:28;62;109;876;;;;;;;;;;;;;;;;
23/07/2023;00:30:30;57;109;877;;;;;;;;;;;;;;;;
23/07/2023;00:30:32;71;109;878;;;;;;;;;;;;;;;;
23/07/2023;00:30:35;81;109;879;;;;;;;;;;;;;;;;
23/07/2023;00:30:37;44;109;880;;;;;;;;;;;;;;;;
23/07/2023;00:30:38;41;109;881;;;;;;;;;;;;;;;;
23/07/2023;00:30:40;64;109;882;;;;;;;;;;;;;;;;
23/07/2023;00:30:42;71;109;883;;;;;;;;;;;;;;;;
23/07/2023;00:30:45;90;109;884;;;;;;;;;;;;;;;;
23/07/2023;00:30:47;61;109;885;;;;;;;;;;;;;;;;
23/07/2023;00:30:50;95;109;886;;;;;;;;;;;;;;;;
23/07/2023;00:30:51;40;109;887;;;;;;;;;;;;;;;;
23/07/2023;00:30:54;90;109;888;;;;;;;;;;;;;;;;
23/07/2023;00:30:56;60;109;889;;;;;;;;;;;;;;;;
23/07/2023;00:30:57;52;109;890;;;;;;;;;;;;;;;;
23/07/2023;00:31:00;79;109;891;;;;;;;;;;;;;;;;
23/07/2023;00:31:03;81;109;892;;;;;;;;;;;;;;;;
23/07/2023;00:31:05;66;109;893;;;;;;;;;;;;;;;;
23/07/2023;00:31:06;46;109;894;;;;;;;;;;;;;;;;
23/07/2023;00:31:07;49;109;895;;;;;;;;;;;;;;;;
23/07/2023;00:31:08;14;109;896;;;;;;;;;;;;;;;;
23/07/2023;00:31:10;69;109;897;;;;;;;;;;;;;;;;
23/07/2023;00:31:12;75;109;898;;;;;;;;;;;;;;;;
23/07/2023;00:31:15;76;109;899;;;;;;;;;;;;;;;;
23/07/2023;00:31:17;70;109;900;;;;;;;;;;;;;;;;
23/07/2023;00:31:19;58;109;901;;;;;;;;;;;;;;;;
23/07/2023;00:31:21;77;109;902;;;;;;;;;;;;;;;;
23/07/2023;00:31:23;61;109;903;;;;;;;;;;;;;;;;
23/07/2023;00:31:24;30;109;904;;;;;;;;;;;;;;;;
23/07/2023;00:31:26;63;109;905;;;;;;;;;;;;;;;;
23/07/2023;00:31:28;66;109;906;;;;;;;;;;;;;;;;
23/07/2023;00:31:30;75;109;907;;;;;;;;;;;;;;;;
23/07/2023;00:31:32;65;109;908;;;;;;;;;;;;;;;;
23/07/2023;00:31:33;43;109;909;;;;;;;;;;;;;;;;
23/07/2023;00:31:37;84;109;910;;;;;;;;;;;;;;;;
23/07/2023;00:31:38;62;109;911;;;;;;;;;;;;;;;;
23/07/2023;00:31:41;72;109;912;;;;;;;;;;;;;;;;
23/07/2023;00:31:43;69;109;913;;;;;;;;;;;;;;;;
23/07/2023;00:31:44;34;109;914;;;;;;;;;;;;;;;;
23/07/2023;00:31:45;49;109;915;;;;;;;;;;;;;;;;
23/07/2023;00:31:48;84;109;916;;;;;;;;;;;;;;;;
23/07/2023;00:31:49;38;109;917;;;;;;;;;;;;;;;;
23/07/2023;00:31:52;87;109;918;;;;;;;;;;;;;;;;
23/07/2023;00:31:55;75;109;919;;;;;;;;;;;;;;;;
23/07/2023;00:31:56;54;109;920;;;;;;;;;;;;;;;;
23/07/2023;00:31:59;76;109;921;;;;;;;;;;;;;;;;
23/07/2023;00:32:00;61;109;922;;;;;;;;;;;;;;;;
23/07/2023;00:32:02;63;109;923;;;;;;;;;;;;;;;;
23/07/2023;00:32:06;100;109;924;;;;;;;;;;;;;;;;
23/07/2023;00:32:07;52;109;925;;;;;;;;;;;;;;;;
23/07/2023;00:32:09;59;109;926;;;;;;;;;;;;;;;;
23/07/2023;00:32:12;93;109;927;;;;;;;;;;;;;;;;
23/07/2023;00:32:13;37;109;928;;;;;;;;;;;;;;;;
23/07/2023;00:32:15;42;109;929;;;;;;;;;;;;;;;;
23/07/2023;00:32:16;26;109;930;;;;;;;;;;;;;;;;
23/07/2023;00:32:17;61;109;931;;;;;;;;;;;;;;;;
23/07/2023;00:32:19;63;109;932;;;;;;;;;;;;;;;;
23/07/2023;00:32:21;51;109;933;;;;;;;;;;;;;;;;
23/07/2023;00:32:23;56;109;934;;;;;;;;;;;;;;;;
23/07/2023;00:32:25;70;109;935;;;;;;;;;;;;;;;;
23/07/2023;00:32:28;74;109;936;;;;;;;;;;;;;;;;
23/07/2023;00:32:30;80;109;937;;;;;;;;;;;;;;;;
23/07/2023;00:32:32;44;109;938;;;;;;;;;;;;;;;;
23/07/2023;00:32:32;24;109;939;;;;;;;;;;;;;;;;
23/07/2023;00:32:34;60;109;940;;;;;;;;;;;;;;;;
23/07/2023;00:32:36;48;109;941;;;;;;;;;;;;;;;;
